<?xml version="1.0" encoding="utf-8"?>
<extension version="3.9.0" type="plugin" group="system" method="upgrade">
    <name>Devstratum JMP Minify Source</name>
    <author>Sergey Osipov</author>
    <creationDate>October 2020</creationDate>
    <copyright>Copyright © 2020 Sergey Osipov</copyright>
    <license>MIT License</license>
    <authorEmail>info@devstratum.ru</authorEmail>
    <authorUrl>https://devstratum.ru</authorUrl>
    <version>1.0</version>
    <description>
        <![CDATA[
            <p><b>Devstratum JMP Minify Source</b> - Plugin for minify CSS and JavaScript source code</p>
        ]]>
    </description>
    <files>
        <filename plugin="dvstrminifysource">dvstrminifysource.php</filename>
        <filename>dvstrminifysource.xml</filename>
		<folder>clearclass</folder>
        <folder>language</folder>
		<folder>libraries</folder>
    </files>
    <config>
        <fields name="params">
            <fieldset name="basic">
                <field type="note" class="alert alert-info" label="PLG_DVSTR_MINIFYSOURCE_NOTE_LIBRARIES"/>
                <field
                        name="lib_behavior"
                        type="radio"
                        default="0"
                        label="PLG_DVSTR_MINIFYSOURCE_BEHAVIOR"
                        description="PLG_DVSTR_MINIFYSOURCE_BEHAVIOR_DESC"
                        class="btn-group btn-group-yesno">
                    <option value="1">JYES</option>
                    <option value="0">JNO</option>
                </field>
                <field
                        name="lib_bootstrap"
                        type="radio"
                        default="0"
                        label="PLG_DVSTR_MINIFYSOURCE_BOOTSTRAP"
                        description="PLG_DVSTR_MINIFYSOURCE_BOOTSTRAP_DESC"
                        class="btn-group btn-group-yesno">
                    <option value="1">JYES</option>
                    <option value="0">JNO</option>
                </field>
                <field
                        name="lib_jquery"
                        type="radio"
                        default="0"
                        label="PLG_DVSTR_MINIFYSOURCE_JQUERY"
                        description="PLG_DVSTR_MINIFYSOURCE_JQUERY_DESC"
                        class="btn-group btn-group-yesno">
                    <option value="1">JYES</option>
                    <option value="0">JNO</option>
                </field>

                <field type="note" class="alert alert-info" label="PLG_DVSTR_MINIFYSOURCE_NOTE_CSS"/>
                <field
                        name="minify_css"
                        type="radio"
                        default="1"
                        label="PLG_DVSTR_MINIFYSOURCE_MINIFY_CSS"
                        description="PLG_DVSTR_MINIFYSOURCE_MINIFY_CSS_DESC"
                        class="btn-group btn-group-yesno">
                    <option value="1">JYES</option>
                    <option value="0">JNO</option>
                </field>
                <field
                        name="unified_css"
                        type="radio"
                        default="1"
                        label="PLG_DVSTR_MINIFYSOURCE_UNIFIED_CSS"
                        description="PLG_DVSTR_MINIFYSOURCE_UNIFIED_CSS_DESC"
                        class="btn-group btn-group-yesno">
                    <option value="1">JYES</option>
                    <option value="0">JNO</option>
                </field>

                <field type="note" class="alert alert-info" label="PLG_DVSTR_MINIFYSOURCE_NOTE_JS"/>
                <field
                        name="minify_js"
                        type="radio"
                        default="1"
                        label="PLG_DVSTR_MINIFYSOURCE_MINIFY_JS"
                        description="PLG_DVSTR_MINIFYSOURCE_MINIFY_JS_DESC"
                        class="btn-group btn-group-yesno">
                    <option value="1">JYES</option>
                    <option value="0">JNO</option>
                </field>
                <field
                        name="defer_js"
                        type="radio"
                        default="1"
                        label="PLG_DVSTR_MINIFYSOURCE_DEFER_JS"
                        description="PLG_DVSTR_MINIFYSOURCE_DEFER_JS_DESC"
                        class="btn-group btn-group-yesno">
                    <option value="1">JYES</option>
                    <option value="0">JNO</option>
                </field>
            </fieldset>
        </fields>
    </config>
</extension>